NAME,URL,CoreCog,CORE
aaleykusunda,https://github.com/lexibank/aaleykusunda,,
abrahammonpa,https://github.com/lexibank/abrahammonpa,,
abvdoceanic,https://github.com/lexibank/abvdoceanic,,
acd,https://github.com/lexibank/acd,,
allenbai,https://github.com/lexibank/allenbai,,
backstromnorthernpakistan,https://github.com/lexibank/backstromnorthernpakistan,,
baf2,https://github.com/lexibank/baf2,,
bantubvd,https://github.com/lexibank/bantubvd,,
bdpa,https://github.com/lexibank/bdpa,TRUE,TRUE
beidasinitic,https://github.com/lexibank/beidasinitic,,
beidazihui,https://github.com/lexibank/beidazihui,,
birchallchapacuran,https://github.com/lexibank/birchallchapacuran,,
blustaustronesian,https://github.com/sequencecomparison/blustaustronesian,TRUE,
bodtkhobwa,https://github.com/lexibank/bodtkhobwa,TRUE,
bowernpny,https://github.com/lexibank/bowernpny,TRUE,TRUE
bremerberta,https://github.com/lexibank/bremerberta,,
cals,https://github.com/lexibank/cals,TRUE,
carvalhopurus,https://github.com/lexibank/carvalhopurus,TRUE,
castrosui,https://github.com/lexibank/castrosui,,
castroyi,https://github.com/lexibank/castroyi,,
castrozhuang,https://github.com/lexibank/castrozhuang,,
chacolanguages,https://github.com/lexibank/chacolanguages,,
chaconarawakan,https://github.com/lexibank/chaconarawakan,TRUE,
chaconbaniwa,https://github.com/lexibank/chaconbaniwa,TRUE,
chaconcolumbian,https://github.com/lexibank/chaconcolumbian,TRUE,
chaconnorthwestarawakan,https://github.com/lexibank/chaconnorthwestarawakan,TRUE,
chacontukanoan,https://github.com/lexibank/chacontukanoan,TRUE,
chenhmongmien,https://github.com/lexibank/chenhmongmien,,
chindialectsurvey,https://github.com/lexibank/chindialectsurvey,,
chingelong,https://github.com/digling/chingelong,,
clarkkimmun,https://github.com/lexibank/clarkkimmun,,
constenlachibchan,https://github.com/lexibank/constenlachibchan,TRUE,
crossandean,https://github.com/lexibank/crossandean,TRUE,
csd,https://github.com/lexibank/csd,,
davletshinaztecan,https://github.com/lexibank/davletshinaztecan,TRUE,
deepadungpalaung,https://github.com/lexibank/deepadungpalaung,TRUE,
dhakalsouthwesttibetic,https://github.com/lexibank/dhakalsouthwesttibetic,,
dravlex,https://github.com/lexibank/dravlex,TRUE,
dunnaslian,https://github.com/lexibank/dunnaslian,TRUE,
dunnielex,https://github.com/sequencecomparison/dunnielex,,
duonglachi,https://github.com/lexibank/duonglachi,,
felekesemitic,https://github.com/lexibank/felekesemitic,TRUE,
galuciotupi,https://github.com/lexibank/galuciotupi,,
gaotb,https://github.com/digling/gaotb,TRUE,
gerarditupi,https://github.com/lexibank/gerarditupi,,
germancognates,https://github.com/lexibank/germancognates,,
gravinachadic,https://github.com/lexibank/gravinachadic,TRUE,TRUE
grollemundbantu,https://github.com/lexibank/grollemundbantu,,TRUE
halenepal,https://github.com/lexibank/halenepal,,
hantganbangime,https://github.com/lexibank/hantganbangime,,
hattorijaponic,https://github.com/sequencecomparison/hattorijaponic,TRUE,
hillburmish,https://github.com/lexibank/hillburmish,,
houchinese,https://github.com/sequencecomparison/houchinese,TRUE,
hsiuhmongmien,https://github.com/lexibank/hsiuhmongmien,,
hubercolumbian,https://github.com/lexibank/hubercolumbian,,
huntergatherer,https://github.com/lexibank/huntergatherer,,
ids,https://github.com/intercontinental-dictionary-series/ids,,
idssegmented,https://github.com/intercontinental-dictionary-series/idssegmented,,
iecor,https://github.com/lexibank/iecor,TRUE,TRUE
ivanisuansu,https://github.com/lexibank/ivanisuansu,,
johanssonsoundsymbolic,https://github.com/lexibank/johanssonsoundsymbolic,,
joophonosemantic,https://github.com/lexibank/joophonosemantic,,
kahd,https://github.com/tupian-language-resources/kahd,TRUE,TRUE
kesslersignificance,https://github.com/sequencecomparison/kesslersignificance,TRUE,
kitchensemitic,https://github.com/lexibank/kitchensemitic,,
kleinewillinghoeferbikwinjen,https://github.com/lexibank/kleinewillinghoeferbikwinjen,,
kochtukanoan,https://github.com/lexibank/kochtukanoan,,
kraftchadic,https://github.com/lexibank/kraftchadic,,
lairgyalrong,https://github.com/lexibank/lairgyalrong,,
lamanisoic,https://github.com/lexibank/lamanisoic,,
leeainu,https://github.com/lexibank/leeainu,,
leecaijia,https://github.com/lexibank/leecaijia,,
leejaponic,https://github.com/lexibank/leejaponic,,
leekoreanic,https://github.com/lexibank/leekoreanic,TRUE,
lieberherrkhobwa,https://github.com/lexibank/lieberherrkhobwa,TRUE,
lindseyende,https://github.com/intercontinental-dictionary-series/lindseyende,,
lionnetyotonahua,https://github.com/lexibank/lionnetyotonahua,TRUE,
liusinitic,https://github.com/lexibank/liusinitic,TRUE,
lsi,https://github.com/lexibank/lsi,,
luangthongkumkaren,https://github.com/lexibank/luangthongkumkaren,TRUE,
lundgrenomagoa,https://github.com/lexibank/lundgrenomagoa,TRUE,
mannburmish,https://github.com/lexibank/mannburmish,TRUE,
marrisonnaga,https://github.com/lexibank/marrisonnaga,,
mattercariban,https://github.com/cldf-datasets/mattercariban,,
mcd,https://github.com/lexibank/mcd,TRUE,
mcelhanonhuon,https://github.com/lexibank/mcelhanonhuon,TRUE,
meloniromance,https://github.com/lexibank/meloniromance,,
mitterhoferbena,https://github.com/lexibank/mitterhoferbena,,
mixezoqueanvoices,https://github.com/lexibank/mixezoqueanvoices,,
mixtecansubgrouping,https://github.com/lexibank/mixtecansubgrouping,TRUE,
naganorgyalrongic,https://github.com/lexibank/naganorgyalrongic,,
nagarajakhasian,https://github.com/lexibank/nagarajakhasian,TRUE,
northeuralex,https://github.com/lexibank/northeuralex,,
oskolskayatungusic,https://github.com/lexibank/oskolskayatungusic,TRUE,
othanieljen,https://github.com/lexibank/othanieljen,,
panobodyparts,https://github.com/lexibank/panobodyparts,,
papuanvoices,https://github.com/lexibank/papuanvoices,,
peirosaustroasiatic,https://github.com/lexibank/peirosaustroasiatic,TRUE,TRUE
peirosst,https://github.com/lexibank/peirosst,,
pharaocoracholaztecan,https://github.com/lexibank/pharaocoracholaztecan,TRUE,
polyglottaafricana,https://github.com/lexibank/polyglottaafricana,,
ratcliffearabic,https://github.com/lexibank/ratcliffearabic,TRUE,
robinsonap,https://github.com/lexibank/robinsonap,TRUE,TRUE
saenkoromance,https://github.com/lexibank/saenkoromance,TRUE,
sagartst,https://github.com/lexibank/sagartst,TRUE,TRUE
satterthwaitetb,https://github.com/lexibank/satterthwaitetb,,
savelyevturkic,https://github.com/lexibank/savelyevturkic,TRUE,TRUE
sawkatokaleya,https://github.com/lexibank/sawkatokaleya,,
seifartecheverriboran,https://github.com/lexibank/seifartecheverriboran,,
servamalagasy,https://github.com/digling/servamalagasy,,
sidwellbahnaric,https://github.com/lexibank/sidwellbahnaric,TRUE,
sidwellvietic,https://github.com/lexibank/sidwellvietic,TRUE,
simsrma,https://github.com/lexibank/simsrma,TRUE,
smithborneo,https://github.com/lexibank/smithborneo,TRUE,
sohartmannchin,https://github.com/lexibank/sohartmannchin,,
starostinaltaic,https://github.com/lexibank/starostinaltaic,,
starostinhmongmien,https://github.com/lexibank/starostinhmongmien,,
starostinkaren,https://github.com/lexibank/starostinkaren,,
starostinpie,https://github.com/sequencecomparison/starostinpie,,
starostintujia,https://github.com/lexibank/starostintujia,TRUE,
streitberggothic,https://github.com/lexibank/streitberggothic,,
suntb,https://github.com/lexibank/suntb,,
syrjaenenuralic,https://github.com/lexibank/syrjaenenuralic,TRUE,
tls,https://github.com/lexibank/tls,,
tolmiebritishcolumbia,https://github.com/lexibank/tolmiebritishcolumbia,,
transnewguineaorg,https://github.com/lexibank/transnewguineaorg,,
triangulation,https://github.com/digling/triangulation,,
tryonsolomon,https://github.com/lexibank/tryonsolomon,,
tuled,https://github.com/tupian-language-resources/tuled,TRUE,TRUE
utoaztecan,https://github.com/lexibank/utoaztecan,TRUE,TRUE
vanuatuvoices,https://github.com/lexibank/vanuatuvoices,,
visserkalamang,https://github.com/intercontinental-dictionary-series/visserkalamang,,
walkerarawakan,https://github.com/lexibank/walkerarawakan,,
walworthpolynesian,https://github.com/lexibank/walworthpolynesian,TRUE,TRUE
wangbai,https://github.com/lexibank/wangbai,,
wangbcd,https://github.com/lexibank/wangbcd,,
wheelerutoaztecan,https://github.com/lexibank/wheelerutoaztecan,,
wichmannmixezoquean,https://github.com/lexibank/wichmannmixezoquean,TRUE,
wold,https://github.com/lexibank/wold,,
yamfinder,https://github.com/lexibank/yamfinder,TRUE,
yanglalo,https://github.com/lexibank/yanglalo,TRUE,
yangyi,https://github.com/lexibank/yangyi,,
yuchinese,https://github.com/intercontinental-dictionary-series/yuchinese,,
zgraggenmadang,https://github.com/lexibank/zgraggenmadang,,
zhangrgyalrong,https://github.com/lexibank/zhangrgyalrong,TRUE,
zhangst,https://github.com/lexibank/zhangst,,
zhaobai,https://github.com/lexibank/zhaobai,,
zhivlovobugrian,https://github.com/sequencecomparison/zhivlovobugrian,TRUE,
zhoubizic,https://github.com/lexibank/zhoubizic,,
